manifest_id,intent,eval_subtype,aoi_ids,start_year,end_year,start_date,end_date,canopy_cover,forest_filter,intersections,crop_types,gas_types,land_cover_classes,date_expression,expected_language,phrasing,n_cases,judge_note,notes,evaluators
m-grass-quant-01,quantification,single_year,BRA,2020,2020,,,,,,,,,absolute_year,en,direct,2,"Headline is natural/semi-natural grassland extent (area_ha) for the year, in hectares; exclude zero or missing years.",,
m-grass-quant-02,quantification,single_year,MEX,2015,2015,,,,,,,,,absolute_year,en,conversational,1,"Headline is natural/semi-natural grassland extent (area_ha) for the year, in hectares; exclude zero or missing years.",,
m-grass-quant-03,quantification,single_year,CRI,2022,2022,,,,,,,,,absolute_year,en,imprecise,1,"Headline is grassland extent (area_ha) in hectares; values are small, honest rounding in sensible units passes.",near-zero AOI,
m-grass-quant-04,quantification,multi_year_total,BOL,2005,2015,,,,,,,,,absolute_range,en,direct,2,"Headline is total natural/semi-natural grassland area lost over the range (sum of the annual loss column, hectares); loss is not necessarily permanent conversion; exclude zero or missing years.",,
m-grass-quant-05,quantification,multi_year_total,COL,2010,2020,,,,,,,,,absolute_range,en,direct,1,"Headline is total grassland area gained over the range (sum of the annual gain column, hectares); gains are not necessarily restoration; exclude zero or missing years.",,
m-grass-quant-06,quantification,gain_loss,IND,2018,2018,,,,,,,,,absolute_year,en,direct,2,"Report both the grassland area gained and lost that year (hectares); gains are not necessarily restoration and loss is not necessarily permanent conversion.",,
m-grass-quant-07,quantification,gain_loss,GHA,2012,2012,,,,,,,,,absolute_year,en,conversational,1,"Report both the grassland area gained and lost that year (hectares); gains are not necessarily restoration.",,
m-grass-quant-08,quantification,single_year,GBR,2000,2000,,,,,,,,,absolute_year,en,direct,1,"Headline is grassland extent (area_ha) in hectares for 2000, the first year of coverage.",start-of-record year,
m-grass-quant-09,quantification,multi_year_total,BRA,2000,2022,,,,,,,,,absolute_range,en,direct,1,"Headline is total grassland area lost across the full record (sum of the annual loss column, hectares); exclude zero or missing years.",full window,
