"test_id","status","test_group","query","expected_dataset_id","expected_context_layer","expected_dataset_parameters","expected_nudge_type","expected_nudge_options","expected_text","expected_forbidden_tools","difficulty","behaviour","lineage","verified"
"ch-map-001","ready","land-cover","Show land cover on the map","1","","","","","","pick_aoi;pull_data;generate_insights;create_dashboard;add_to_dashboard;add_map_widget;search_blogs;search_insights;show_imagery","easy","select","","catalog zeno@e2fb83f 2026-09-25 (selection_hints, context_layers, parameters)"
"ch-map-002","ready","land-cover","Put the land cover map on","1","","","","","","pick_aoi;pull_data;generate_insights;create_dashboard;add_to_dashboard;add_map_widget;search_blogs;search_insights;show_imagery","easy","select","","catalog zeno@e2fb83f 2026-09-25 (selection_hints, context_layers, parameters)"
"ch-map-003","ready","land-cover","Show me a map of land cover classes","1","","","","","","pick_aoi;pull_data;generate_insights;create_dashboard;add_to_dashboard;add_map_widget;search_blogs;search_insights;show_imagery","easy","select","","catalog zeno@e2fb83f 2026-09-25 (selection_hints, context_layers, parameters)"
"ch-map-004","ready","land-cover","Display land cover on the map","1","","","","","","pick_aoi;pull_data;generate_insights;create_dashboard;add_to_dashboard;add_map_widget;search_blogs;search_insights;show_imagery","easy","select","","catalog zeno@e2fb83f 2026-09-25 (selection_hints, context_layers, parameters)"
"ch-map-005","ready","land-cover","Show where cropland and built-up land are on the map","1","","","","","","pick_aoi;pull_data;generate_insights;create_dashboard;add_to_dashboard;add_map_widget;search_blogs;search_insights;show_imagery","medium","select","","catalog zeno@e2fb83f 2026-09-25 (selection_hints, context_layers, parameters)"
"ch-map-006","ready","land-cover","Map the change in land cover classes over time","1","","","","","","pick_aoi;pull_data;generate_insights;create_dashboard;add_to_dashboard;add_map_widget;search_blogs;search_insights;show_imagery","medium","select","","catalog zeno@e2fb83f 2026-09-25 (selection_hints, context_layers, parameters)"
"ch-map-007","ready","land-cover","Show land cover change on the map","1","","","","","","pick_aoi;pull_data;generate_insights;create_dashboard;add_to_dashboard;add_map_widget;search_blogs;search_insights;show_imagery","medium","select","","catalog zeno@e2fb83f 2026-09-25 (selection_hints, context_layers, parameters)"
"ch-map-008","ready","land-cover","Show me the bare ground, water and snow classes on the map","1","","","","","","pick_aoi;pull_data;generate_insights;create_dashboard;add_to_dashboard;add_map_widget;search_blogs;search_insights;show_imagery","medium","select","","catalog zeno@e2fb83f 2026-09-25 (selection_hints, context_layers, parameters)"
"ch-map-009","ready","land-cover","Map what the land is covered by: trees, crops, water, built-up","1","","","","","","pick_aoi;pull_data;generate_insights;create_dashboard;add_to_dashboard;add_map_widget;search_blogs;search_insights;show_imagery","medium","select","","catalog zeno@e2fb83f 2026-09-25 (selection_hints, context_layers, parameters)"
"ch-map-010","ready","land-cover","landcover","1","","","","","","pick_aoi;pull_data;generate_insights;create_dashboard;add_to_dashboard;add_map_widget;search_blogs;search_insights;show_imagery","hard","select","one word, no space","catalog zeno@e2fb83f 2026-09-25 (selection_hints, context_layers, parameters)"
"ch-map-011","ready","land-cover","lulc map","1","","","","","","pick_aoi;pull_data;generate_insights;create_dashboard;add_to_dashboard;add_map_widget;search_blogs;search_insights;show_imagery","hard","select","jargon: land use / land cover","catalog zeno@e2fb83f 2026-09-25 (selection_hints, context_layers, parameters)"
"ch-map-012","ready","land-cover","show landcovr change","1","","","","","","pick_aoi;pull_data;generate_insights;create_dashboard;add_to_dashboard;add_map_widget;search_blogs;search_insights;show_imagery","hard","select","typo","catalog zeno@e2fb83f 2026-09-25 (selection_hints, context_layers, parameters)"
"ch-map-013","ready","land-cover","map of what covers the land","1","","","","","","pick_aoi;pull_data;generate_insights;create_dashboard;add_to_dashboard;add_map_widget;search_blogs;search_insights;show_imagery","hard","select","indirect","catalog zeno@e2fb83f 2026-09-25 (selection_hints, context_layers, parameters)"
"ch-map-014","ready","grasslands","Show natural grasslands on the map","2","","","","","","pick_aoi;pull_data;generate_insights;create_dashboard;add_to_dashboard;add_map_widget;search_blogs;search_insights;show_imagery","easy","select","","catalog zeno@e2fb83f 2026-09-25 (selection_hints, context_layers, parameters)"
"ch-map-015","ready","grasslands","Display grassland extent on the map","2","","","","","","pick_aoi;pull_data;generate_insights;create_dashboard;add_to_dashboard;add_map_widget;search_blogs;search_insights;show_imagery","easy","select","","catalog zeno@e2fb83f 2026-09-25 (selection_hints, context_layers, parameters)"
"ch-map-016","ready","grasslands","Show me natural and semi-natural grasslands on the map","2","","","","","","pick_aoi;pull_data;generate_insights;create_dashboard;add_to_dashboard;add_map_widget;search_blogs;search_insights;show_imagery","easy","select","","catalog zeno@e2fb83f 2026-09-25 (selection_hints, context_layers, parameters)"
"ch-map-017","ready","grasslands","Put natural grassland on the map","2","","","","","","pick_aoi;pull_data;generate_insights;create_dashboard;add_to_dashboard;add_map_widget;search_blogs;search_insights;show_imagery","easy","select","","catalog zeno@e2fb83f 2026-09-25 (selection_hints, context_layers, parameters)"
"ch-map-018","ready","grasslands","Map savannas, shrublands and natural grasslands","2","","","","","","pick_aoi;pull_data;generate_insights;create_dashboard;add_to_dashboard;add_map_widget;search_blogs;search_insights;show_imagery","medium","select","","catalog zeno@e2fb83f 2026-09-25 (selection_hints, context_layers, parameters)"
"ch-map-019","ready","grasslands","Show where natural grassland has been gained or lost","2","","","","","","pick_aoi;pull_data;generate_insights;create_dashboard;add_to_dashboard;add_map_widget;search_blogs;search_insights;show_imagery","medium","select","","catalog zeno@e2fb83f 2026-09-25 (selection_hints, context_layers, parameters)"
"ch-map-020","ready","grasslands","Show the extent of semi-natural grasslands","2","","","","","","pick_aoi;pull_data;generate_insights;create_dashboard;add_to_dashboard;add_map_widget;search_blogs;search_insights;show_imagery","medium","select","","catalog zeno@e2fb83f 2026-09-25 (selection_hints, context_layers, parameters)"
"ch-map-021","ready","grasslands","Show me non-cultivated grasslands on the map","2","","","","","","pick_aoi;pull_data;generate_insights;create_dashboard;add_to_dashboard;add_map_widget;search_blogs;search_insights;show_imagery","medium","select","","catalog zeno@e2fb83f 2026-09-25 (selection_hints, context_layers, parameters)"
"ch-map-022","ready","grasslands","Map natural grassland change over time","2","","","","","","pick_aoi;pull_data;generate_insights;create_dashboard;add_to_dashboard;add_map_widget;search_blogs;search_insights;show_imagery","medium","select","","catalog zeno@e2fb83f 2026-09-25 (selection_hints, context_layers, parameters)"
"ch-map-023","ready","grasslands","rangelands map","2","","","","","","pick_aoi;pull_data;generate_insights;create_dashboard;add_to_dashboard;add_map_widget;search_blogs;search_insights;show_imagery","hard","select","colloquial synonym","catalog zeno@e2fb83f 2026-09-25 (selection_hints, context_layers, parameters)"
"ch-map-024","ready","grasslands","show me the prairies and steppes","2","","","","","","pick_aoi;pull_data;generate_insights;create_dashboard;add_to_dashboard;add_map_widget;search_blogs;search_insights;show_imagery","hard","select","regional synonyms, no place named","catalog zeno@e2fb83f 2026-09-25 (selection_hints, context_layers, parameters)"
"ch-map-025","ready","grasslands","natrual grasslands","2","","","","","","pick_aoi;pull_data;generate_insights;create_dashboard;add_to_dashboard;add_map_widget;search_blogs;search_insights;show_imagery","hard","select","typo","catalog zeno@e2fb83f 2026-09-25 (selection_hints, context_layers, parameters)"
"ch-map-026","ready","grasslands","wild grass areas on the map","2","","","","","","pick_aoi;pull_data;generate_insights;create_dashboard;add_to_dashboard;add_map_widget;search_blogs;search_insights;show_imagery","hard","select","colloquial","catalog zeno@e2fb83f 2026-09-25 (selection_hints, context_layers, parameters)"
"ch-map-027","ready","natural-lands","Show natural lands on the map","3","","","","","","pick_aoi;pull_data;generate_insights;create_dashboard;add_to_dashboard;add_map_widget;search_blogs;search_insights;show_imagery","easy","select","","catalog zeno@e2fb83f 2026-09-25 (selection_hints, context_layers, parameters)"
"ch-map-028","ready","natural-lands","Show the natural lands map","3","","","","","","pick_aoi;pull_data;generate_insights;create_dashboard;add_to_dashboard;add_map_widget;search_blogs;search_insights;show_imagery","easy","select","","catalog zeno@e2fb83f 2026-09-25 (selection_hints, context_layers, parameters)"
"ch-map-029","ready","natural-lands","Display natural and non-natural land on the map","3","","","","","","pick_aoi;pull_data;generate_insights;create_dashboard;add_to_dashboard;add_map_widget;search_blogs;search_insights;show_imagery","easy","select","","catalog zeno@e2fb83f 2026-09-25 (selection_hints, context_layers, parameters)"
"ch-map-030","ready","natural-lands","Show me where land is natural or non-natural on the map","3","","","","","","pick_aoi;pull_data;generate_insights;create_dashboard;add_to_dashboard;add_map_widget;search_blogs;search_insights;show_imagery","easy","select","","catalog zeno@e2fb83f 2026-09-25 (selection_hints, context_layers, parameters)"
"ch-map-031","ready","natural-lands","Map natural forests, natural short vegetation and natural water","3","","","","","","pick_aoi;pull_data;generate_insights;create_dashboard;add_to_dashboard;add_map_widget;search_blogs;search_insights;show_imagery","medium","select","","catalog zeno@e2fb83f 2026-09-25 (selection_hints, context_layers, parameters)"
"ch-map-032","ready","natural-lands","Show the baseline of natural ecosystems for conversion-free commitments","3","","","","","","pick_aoi;pull_data;generate_insights;create_dashboard;add_to_dashboard;add_map_widget;search_blogs;search_insights;show_imagery","medium","select","","catalog zeno@e2fb83f 2026-09-25 (selection_hints, context_layers, parameters)"
"ch-map-033","ready","natural-lands","Show the non-natural tree cover and crop areas on the map","3","","","","","","pick_aoi;pull_data;generate_insights;create_dashboard;add_to_dashboard;add_map_widget;search_blogs;search_insights;show_imagery","medium","select","","catalog zeno@e2fb83f 2026-09-25 (selection_hints, context_layers, parameters)"
"ch-map-034","ready","natural-lands","Map natural peat forest and wetland natural forest","3","","","","","","pick_aoi;pull_data;generate_insights;create_dashboard;add_to_dashboard;add_map_widget;search_blogs;search_insights;show_imagery","medium","select","","catalog zeno@e2fb83f 2026-09-25 (selection_hints, context_layers, parameters)"
"ch-map-035","ready","natural-lands","Show a map separating natural forest from non-natural tree cover","3","","","","","","pick_aoi;pull_data;generate_insights;create_dashboard;add_to_dashboard;add_map_widget;search_blogs;search_insights;show_imagery","medium","select","","catalog zeno@e2fb83f 2026-09-25 (selection_hints, context_layers, parameters)"
"ch-map-036","ready","natural-lands","SBTN map","3","","","","","","pick_aoi;pull_data;generate_insights;create_dashboard;add_to_dashboard;add_map_widget;search_blogs;search_insights;show_imagery","hard","select","jargon: product name","catalog zeno@e2fb83f 2026-09-25 (selection_hints, context_layers, parameters)"
"ch-map-037","ready","natural-lands","nat lands layer","3","","","","","","pick_aoi;pull_data;generate_insights;create_dashboard;add_to_dashboard;add_map_widget;search_blogs;search_insights;show_imagery","hard","select","abbreviation","catalog zeno@e2fb83f 2026-09-25 (selection_hints, context_layers, parameters)"
"ch-map-038","ready","natural-lands","show the no-conversion baseline","3","","","","","","pick_aoi;pull_data;generate_insights;create_dashboard;add_to_dashboard;add_map_widget;search_blogs;search_insights;show_imagery","hard","select","indirect, supply-chain jargon","catalog zeno@e2fb83f 2026-09-25 (selection_hints, context_layers, parameters)"
"ch-map-039","ready","natural-lands","natural vs not natural","3","","","","","","pick_aoi;pull_data;generate_insights;create_dashboard;add_to_dashboard;add_map_widget;search_blogs;search_insights;show_imagery","hard","select","very short","catalog zeno@e2fb83f 2026-09-25 (selection_hints, context_layers, parameters)"
"ch-map-040","ready","tcl","Show tree cover loss on the map","4","","","","","","pick_aoi;pull_data;generate_insights;create_dashboard;add_to_dashboard;add_map_widget;search_blogs;search_insights;show_imagery","easy","select","","catalog zeno@e2fb83f 2026-09-25 (selection_hints, context_layers, parameters)"
"ch-map-041","ready","tcl","Display annual tree cover loss on the map","4","","","","","","pick_aoi;pull_data;generate_insights;create_dashboard;add_to_dashboard;add_map_widget;search_blogs;search_insights;show_imagery","easy","select","","catalog zeno@e2fb83f 2026-09-25 (selection_hints, context_layers, parameters)"
"ch-map-042","ready","tcl","Show me where tree cover has been lost","4","","","","","","pick_aoi;pull_data;generate_insights;create_dashboard;add_to_dashboard;add_map_widget;search_blogs;search_insights;show_imagery","easy","select","","catalog zeno@e2fb83f 2026-09-25 (selection_hints, context_layers, parameters)"
"ch-map-043","ready","tcl","Put tree cover loss on the map","4","","","","","","pick_aoi;pull_data;generate_insights;create_dashboard;add_to_dashboard;add_map_widget;search_blogs;search_insights;show_imagery","easy","select","","catalog zeno@e2fb83f 2026-09-25 (selection_hints, context_layers, parameters)"
"ch-map-044","ready","tcl","Map where trees have been lost year by year","4","","","","","","pick_aoi;pull_data;generate_insights;create_dashboard;add_to_dashboard;add_map_widget;search_blogs;search_insights;show_imagery","medium","select","","catalog zeno@e2fb83f 2026-09-25 (selection_hints, context_layers, parameters)"
"ch-map-045","ready","tcl","Show tree cover loss at 50% canopy density","4","","[{""name"":""canopy_cover"",""values"":[50]}]","","","","pick_aoi;pull_data;generate_insights;create_dashboard;add_to_dashboard;add_map_widget;search_blogs;search_insights;show_imagery","medium","select","explicit canopy (jev canopy question)","catalog zeno@e2fb83f 2026-09-25 (selection_hints, context_layers, parameters)"
"ch-map-046","ready","tcl","Show tree cover loss using a 75% canopy threshold on the map","4","","[{""name"":""canopy_cover"",""values"":[75]}]","","","","pick_aoi;pull_data;generate_insights;create_dashboard;add_to_dashboard;add_map_widget;search_blogs;search_insights;show_imagery","medium","select","explicit canopy (jev canopy question)","catalog zeno@e2fb83f 2026-09-25 (selection_hints, context_layers, parameters)"
"ch-map-047","ready","tcl","Show me the annual forest canopy loss layer","4","","","","","","pick_aoi;pull_data;generate_insights;create_dashboard;add_to_dashboard;add_map_widget;search_blogs;search_insights;show_imagery","medium","select","","catalog zeno@e2fb83f 2026-09-25 (selection_hints, context_layers, parameters)"
"ch-map-048","ready","tcl","Map loss of trees taller than 5 metres","4","","","","","","pick_aoi;pull_data;generate_insights;create_dashboard;add_to_dashboard;add_map_widget;search_blogs;search_insights;show_imagery","medium","select","","catalog zeno@e2fb83f 2026-09-25 (selection_hints, context_layers, parameters)"
"ch-map-049","ready","tcl","Hansen loss layer","4","","","","","","pick_aoi;pull_data;generate_insights;create_dashboard;add_to_dashboard;add_map_widget;search_blogs;search_insights;show_imagery","hard","select","jargon: dataset author","catalog zeno@e2fb83f 2026-09-25 (selection_hints, context_layers, parameters)"
"ch-map-050","ready","tcl","tree cover los","4","","","","","","pick_aoi;pull_data;generate_insights;create_dashboard;add_to_dashboard;add_map_widget;search_blogs;search_insights;show_imagery","hard","select","typo","catalog zeno@e2fb83f 2026-09-25 (selection_hints, context_layers, parameters)"
"ch-map-051","ready","tcl","where'd the trees go, map it","4","","","","","","pick_aoi;pull_data;generate_insights;create_dashboard;add_to_dashboard;add_map_widget;search_blogs;search_insights;show_imagery","hard","select","colloquial","catalog zeno@e2fb83f 2026-09-25 (selection_hints, context_layers, parameters)"
"ch-map-052","ready","tcl","TCL","4","","","","","","pick_aoi;pull_data;generate_insights;create_dashboard;add_to_dashboard;add_map_widget;search_blogs;search_insights;show_imagery","hard","select","acronym only","catalog zeno@e2fb83f 2026-09-25 (selection_hints, context_layers, parameters)"
"ch-map-053","ready","tc-gain","Show tree cover gain on the map","5","","","","","","pick_aoi;pull_data;generate_insights;create_dashboard;add_to_dashboard;add_map_widget;search_blogs;search_insights;show_imagery","easy","select","","catalog zeno@e2fb83f 2026-09-25 (selection_hints, context_layers, parameters)"
"ch-map-054","ready","tc-gain","Display tree cover gain","5","","","","","","pick_aoi;pull_data;generate_insights;create_dashboard;add_to_dashboard;add_map_widget;search_blogs;search_insights;show_imagery","easy","select","","catalog zeno@e2fb83f 2026-09-25 (selection_hints, context_layers, parameters)"
"ch-map-055","ready","tc-gain","Show me where tree cover has been gained","5","","","","","","pick_aoi;pull_data;generate_insights;create_dashboard;add_to_dashboard;add_map_widget;search_blogs;search_insights;show_imagery","easy","select","","catalog zeno@e2fb83f 2026-09-25 (selection_hints, context_layers, parameters)"
"ch-map-056","ready","tc-gain","Put tree cover gain on the map","5","","","","","","pick_aoi;pull_data;generate_insights;create_dashboard;add_to_dashboard;add_map_widget;search_blogs;search_insights;show_imagery","easy","select","","catalog zeno@e2fb83f 2026-09-25 (selection_hints, context_layers, parameters)"
"ch-map-057","ready","tc-gain","Map where trees have grown back","5","","","","","","pick_aoi;pull_data;generate_insights;create_dashboard;add_to_dashboard;add_map_widget;search_blogs;search_insights;show_imagery","medium","select","","catalog zeno@e2fb83f 2026-09-25 (selection_hints, context_layers, parameters)"
"ch-map-058","ready","tc-gain","Show areas where new tree cover has grown","5","","","","","","pick_aoi;pull_data;generate_insights;create_dashboard;add_to_dashboard;add_map_widget;search_blogs;search_insights;show_imagery","medium","select","","catalog zeno@e2fb83f 2026-09-25 (selection_hints, context_layers, parameters)"
"ch-map-059","ready","tc-gain","Show me forest regrowth on the map","5","","","","","","pick_aoi;pull_data;generate_insights;create_dashboard;add_to_dashboard;add_map_widget;search_blogs;search_insights;show_imagery","medium","select","","catalog zeno@e2fb83f 2026-09-25 (selection_hints, context_layers, parameters)"
"ch-map-060","ready","tc-gain","Map where tree canopy has increased","5","","","","","","pick_aoi;pull_data;generate_insights;create_dashboard;add_to_dashboard;add_map_widget;search_blogs;search_insights;show_imagery","medium","select","","catalog zeno@e2fb83f 2026-09-25 (selection_hints, context_layers, parameters)"
"ch-map-061","ready","tc-gain","Show tree cover gain from plantations and natural regrowth","5","","","","","","pick_aoi;pull_data;generate_insights;create_dashboard;add_to_dashboard;add_map_widget;search_blogs;search_insights;show_imagery","medium","select","","catalog zeno@e2fb83f 2026-09-25 (selection_hints, context_layers, parameters)"
"ch-map-062","ready","tc-gain","treecover gain","5","","","","","","pick_aoi;pull_data;generate_insights;create_dashboard;add_to_dashboard;add_map_widget;search_blogs;search_insights;show_imagery","hard","select","one word, no space","catalog zeno@e2fb83f 2026-09-25 (selection_hints, context_layers, parameters)"
"ch-map-063","ready","tc-gain","regrowth map","5","","","","","","pick_aoi;pull_data;generate_insights;create_dashboard;add_to_dashboard;add_map_widget;search_blogs;search_insights;show_imagery","hard","select","very short","catalog zeno@e2fb83f 2026-09-25 (selection_hints, context_layers, parameters)"
"ch-map-064","ready","tc-gain","where are trees coming back","5","","","","","","pick_aoi;pull_data;generate_insights;create_dashboard;add_to_dashboard;add_map_widget;search_blogs;search_insights;show_imagery","hard","select","colloquial","catalog zeno@e2fb83f 2026-09-25 (selection_hints, context_layers, parameters)"
"ch-map-065","ready","tc-gain","reforestation layer","5","","","","","","pick_aoi;pull_data;generate_insights;create_dashboard;add_to_dashboard;add_map_widget;search_blogs;search_insights;show_imagery","hard","select","gain is not restoration (catalog caution), but it is the only layer that answers","catalog zeno@e2fb83f 2026-09-25 (selection_hints, context_layers, parameters)"
"ch-map-066","ready","ghg-flux","Show forest greenhouse gas net flux on the map","6","","","","","","pick_aoi;pull_data;generate_insights;create_dashboard;add_to_dashboard;add_map_widget;search_blogs;search_insights;show_imagery","easy","select","","catalog zeno@e2fb83f 2026-09-25 (selection_hints, context_layers, parameters)"
"ch-map-067","ready","ghg-flux","Display forest carbon net flux on the map","6","","","","","","pick_aoi;pull_data;generate_insights;create_dashboard;add_to_dashboard;add_map_widget;search_blogs;search_insights;show_imagery","easy","select","","catalog zeno@e2fb83f 2026-09-25 (selection_hints, context_layers, parameters)"
"ch-map-068","ready","ghg-flux","Show me the net GHG flux from forests","6","","","","","","pick_aoi;pull_data;generate_insights;create_dashboard;add_to_dashboard;add_map_widget;search_blogs;search_insights;show_imagery","easy","select","","catalog zeno@e2fb83f 2026-09-25 (selection_hints, context_layers, parameters)"
"ch-map-069","ready","ghg-flux","Put forest greenhouse gas flux on the map","6","","","","","","pick_aoi;pull_data;generate_insights;create_dashboard;add_to_dashboard;add_map_widget;search_blogs;search_insights;show_imagery","easy","select","","catalog zeno@e2fb83f 2026-09-25 (selection_hints, context_layers, parameters)"
"ch-map-070","ready","ghg-flux","Map where forests are a net carbon sink or source","6","","","","","","pick_aoi;pull_data;generate_insights;create_dashboard;add_to_dashboard;add_map_widget;search_blogs;search_insights;show_imagery","medium","select","","catalog zeno@e2fb83f 2026-09-25 (selection_hints, context_layers, parameters)"
"ch-map-071","ready","ghg-flux","Show the balance of forest carbon emissions and removals on the map","6","","","","","","pick_aoi;pull_data;generate_insights;create_dashboard;add_to_dashboard;add_map_widget;search_blogs;search_insights;show_imagery","medium","select","","catalog zeno@e2fb83f 2026-09-25 (selection_hints, context_layers, parameters)"
"ch-map-072","ready","ghg-flux","Show where forests absorb more carbon than they emit","6","","","","","","pick_aoi;pull_data;generate_insights;create_dashboard;add_to_dashboard;add_map_widget;search_blogs;search_insights;show_imagery","medium","select","","catalog zeno@e2fb83f 2026-09-25 (selection_hints, context_layers, parameters)"
"ch-map-073","ready","ghg-flux","Map net forest greenhouse gas emissions and removals","6","","","","","","pick_aoi;pull_data;generate_insights;create_dashboard;add_to_dashboard;add_map_widget;search_blogs;search_insights;show_imagery","medium","select","","catalog zeno@e2fb83f 2026-09-25 (selection_hints, context_layers, parameters)"
"ch-map-074","ready","ghg-flux","Show me the carbon emissions from deforestation on the map","4;6","","","","","","pick_aoi;pull_data;generate_insights;create_dashboard;add_to_dashboard;add_map_widget;search_blogs;search_insights;show_imagery","medium","select","emissions from loss: TCL carries MgCO2e, flux carries gross emissions; both defensible (GOLD 4;6 family)","catalog zeno@e2fb83f 2026-09-25 (selection_hints, context_layers, parameters)"
"ch-map-075","ready","ghg-flux","carbon sink map","6","","","","","","pick_aoi;pull_data;generate_insights;create_dashboard;add_to_dashboard;add_map_widget;search_blogs;search_insights;show_imagery","hard","select","colloquial","catalog zeno@e2fb83f 2026-09-25 (selection_hints, context_layers, parameters)"
"ch-map-076","ready","ghg-flux","forest flux layer","6","","","","","","pick_aoi;pull_data;generate_insights;create_dashboard;add_to_dashboard;add_map_widget;search_blogs;search_insights;show_imagery","hard","select","short","catalog zeno@e2fb83f 2026-09-25 (selection_hints, context_layers, parameters)"
"ch-map-077","ready","ghg-flux","net ghg forests","6","","","","","","pick_aoi;pull_data;generate_insights;create_dashboard;add_to_dashboard;add_map_widget;search_blogs;search_insights;show_imagery","hard","select","very short","catalog zeno@e2fb83f 2026-09-25 (selection_hints, context_layers, parameters)"
"ch-map-078","ready","ghg-flux","sinks vs sources","6","","","","","","pick_aoi;pull_data;generate_insights;create_dashboard;add_to_dashboard;add_map_widget;search_blogs;search_insights;show_imagery","hard","select","very short, indirect","catalog zeno@e2fb83f 2026-09-25 (selection_hints, context_layers, parameters)"
"ch-map-079","ready","tree-cover","Show tree cover on the map","7","","","","","","pick_aoi;pull_data;generate_insights;create_dashboard;add_to_dashboard;add_map_widget;search_blogs;search_insights;show_imagery","easy","select","","catalog zeno@e2fb83f 2026-09-25 (selection_hints, context_layers, parameters)"
"ch-map-080","ready","tree-cover","Display tree cover density on the map","7","","","","","","pick_aoi;pull_data;generate_insights;create_dashboard;add_to_dashboard;add_map_widget;search_blogs;search_insights;show_imagery","easy","select","","catalog zeno@e2fb83f 2026-09-25 (selection_hints, context_layers, parameters)"
"ch-map-081","ready","tree-cover","Show me tree canopy cover on the map","7","","","","","","pick_aoi;pull_data;generate_insights;create_dashboard;add_to_dashboard;add_map_widget;search_blogs;search_insights;show_imagery","easy","select","","catalog zeno@e2fb83f 2026-09-25 (selection_hints, context_layers, parameters)"
"ch-map-082","ready","tree-cover","Put tree cover on the map","7","","","","","","pick_aoi;pull_data;generate_insights;create_dashboard;add_to_dashboard;add_map_widget;search_blogs;search_insights;show_imagery","easy","select","","catalog zeno@e2fb83f 2026-09-25 (selection_hints, context_layers, parameters)"
"ch-map-083","ready","tree-cover","Map tree canopy density","7","","","","","","pick_aoi;pull_data;generate_insights;create_dashboard;add_to_dashboard;add_map_widget;search_blogs;search_insights;show_imagery","medium","select","","catalog zeno@e2fb83f 2026-09-25 (selection_hints, context_layers, parameters)"
"ch-map-084","ready","tree-cover","Show tree cover with at least 50% canopy density","7","","[{""name"":""canopy_cover"",""values"":[50]}]","","","","pick_aoi;pull_data;generate_insights;create_dashboard;add_to_dashboard;add_map_widget;search_blogs;search_insights;show_imagery","medium","select","explicit canopy (jev canopy question)","catalog zeno@e2fb83f 2026-09-25 (selection_hints, context_layers, parameters)"
"ch-map-085","ready","tree-cover","Show tree cover at a 25% canopy threshold","7","","[{""name"":""canopy_cover"",""values"":[25]}]","","","","pick_aoi;pull_data;generate_insights;create_dashboard;add_to_dashboard;add_map_widget;search_blogs;search_insights;show_imagery","medium","select","explicit canopy (jev canopy question)","catalog zeno@e2fb83f 2026-09-25 (selection_hints, context_layers, parameters)"
"ch-map-086","ready","tree-cover","Show where trees taller than 5 metres are on the map","7","","","","","","pick_aoi;pull_data;generate_insights;create_dashboard;add_to_dashboard;add_map_widget;search_blogs;search_insights;show_imagery","medium","select","","catalog zeno@e2fb83f 2026-09-25 (selection_hints, context_layers, parameters)"
"ch-map-087","ready","tree-cover","Show the tree cover baseline map","7","","","","","","pick_aoi;pull_data;generate_insights;create_dashboard;add_to_dashboard;add_map_widget;search_blogs;search_insights;show_imagery","medium","select","","catalog zeno@e2fb83f 2026-09-25 (selection_hints, context_layers, parameters)"
"ch-map-088","ready","tree-cover","TCD layer","7","","","","","","pick_aoi;pull_data;generate_insights;create_dashboard;add_to_dashboard;add_map_widget;search_blogs;search_insights;show_imagery","hard","select","jargon: tree canopy density","catalog zeno@e2fb83f 2026-09-25 (selection_hints, context_layers, parameters)"
"ch-map-089","ready","tree-cover","tree canopy","7","","","","","","pick_aoi;pull_data;generate_insights;create_dashboard;add_to_dashboard;add_map_widget;search_blogs;search_insights;show_imagery","hard","select","very short","catalog zeno@e2fb83f 2026-09-25 (selection_hints, context_layers, parameters)"
"ch-map-090","ready","tree-cover","treecover","7","","","","","","pick_aoi;pull_data;generate_insights;create_dashboard;add_to_dashboard;add_map_widget;search_blogs;search_insights;show_imagery","hard","select","one word, no space","catalog zeno@e2fb83f 2026-09-25 (selection_hints, context_layers, parameters)"
"ch-map-091","ready","tree-cover","how dense are the trees, map it","7","","","","","","pick_aoi;pull_data;generate_insights;create_dashboard;add_to_dashboard;add_map_widget;search_blogs;search_insights;show_imagery","hard","select","colloquial","catalog zeno@e2fb83f 2026-09-25 (selection_hints, context_layers, parameters)"
"ch-map-092","ready","tcl-drivers","Show the drivers of tree cover loss on the map","8","","","","","","pick_aoi;pull_data;generate_insights;create_dashboard;add_to_dashboard;add_map_widget;search_blogs;search_insights;show_imagery","easy","select","","catalog zeno@e2fb83f 2026-09-25 (selection_hints, context_layers, parameters)"
"ch-map-093","ready","tcl-drivers","Display tree cover loss by dominant driver","8","","","","","","pick_aoi;pull_data;generate_insights;create_dashboard;add_to_dashboard;add_map_widget;search_blogs;search_insights;show_imagery","easy","select","","catalog zeno@e2fb83f 2026-09-25 (selection_hints, context_layers, parameters)"
"ch-map-094","ready","tcl-drivers","Show me what caused tree cover loss on the map","8","","","","","","pick_aoi;pull_data;generate_insights;create_dashboard;add_to_dashboard;add_map_widget;search_blogs;search_insights;show_imagery","easy","select","","catalog zeno@e2fb83f 2026-09-25 (selection_hints, context_layers, parameters)"
"ch-map-095","ready","tcl-drivers","Put the drivers of tree cover loss on the map","8","","","","","","pick_aoi;pull_data;generate_insights;create_dashboard;add_to_dashboard;add_map_widget;search_blogs;search_insights;show_imagery","easy","select","","catalog zeno@e2fb83f 2026-09-25 (selection_hints, context_layers, parameters)"
"ch-map-096","ready","tcl-drivers","Map why trees were lost","8","","","","","","pick_aoi;pull_data;generate_insights;create_dashboard;add_to_dashboard;add_map_widget;search_blogs;search_insights;show_imagery","medium","select","","catalog zeno@e2fb83f 2026-09-25 (selection_hints, context_layers, parameters)"
"ch-map-097","ready","tcl-drivers","Show where tree cover loss came from agriculture, logging or wildfire","8","","","","","","pick_aoi;pull_data;generate_insights;create_dashboard;add_to_dashboard;add_map_widget;search_blogs;search_insights;show_imagery","medium","select","","catalog zeno@e2fb83f 2026-09-25 (selection_hints, context_layers, parameters)"
"ch-map-098","ready","tcl-drivers","Show tree cover loss caused by permanent agriculture and hard commodities","8","","","","","","pick_aoi;pull_data;generate_insights;create_dashboard;add_to_dashboard;add_map_widget;search_blogs;search_insights;show_imagery","medium","select","","catalog zeno@e2fb83f 2026-09-25 (selection_hints, context_layers, parameters)"
"ch-map-099","ready","tcl-drivers","Map the dominant causes of forest loss","8","","","","","","pick_aoi;pull_data;generate_insights;create_dashboard;add_to_dashboard;add_map_widget;search_blogs;search_insights;show_imagery","medium","select","","catalog zeno@e2fb83f 2026-09-25 (selection_hints, context_layers, parameters)"
"ch-map-100","ready","tcl-drivers","Show me which tree loss was from shifting cultivation","8","","","","","","pick_aoi;pull_data;generate_insights;create_dashboard;add_to_dashboard;add_map_widget;search_blogs;search_insights;show_imagery","medium","select","","catalog zeno@e2fb83f 2026-09-25 (selection_hints, context_layers, parameters)"
"ch-map-101","ready","tcl-drivers","deforestation drivers map","8","","","","","","pick_aoi;pull_data;generate_insights;create_dashboard;add_to_dashboard;add_map_widget;search_blogs;search_insights;show_imagery","hard","select","loose 'deforestation' plus driver","catalog zeno@e2fb83f 2026-09-25 (selection_hints, context_layers, parameters)"
"ch-map-102","ready","tcl-drivers","what's killing the trees, show me","8","","","","","","pick_aoi;pull_data;generate_insights;create_dashboard;add_to_dashboard;add_map_widget;search_blogs;search_insights;show_imagery","hard","select","colloquial","catalog zeno@e2fb83f 2026-09-25 (selection_hints, context_layers, parameters)"
"ch-map-103","ready","tcl-drivers","driver layer","8","","","","","","pick_aoi;pull_data;generate_insights;create_dashboard;add_to_dashboard;add_map_widget;search_blogs;search_insights;show_imagery","hard","select","very short","catalog zeno@e2fb83f 2026-09-25 (selection_hints, context_layers, parameters)"
"ch-map-104","ready","tcl-drivers","commodity driven deforestation","8","","","","","","pick_aoi;pull_data;generate_insights;create_dashboard;add_to_dashboard;add_map_widget;search_blogs;search_insights;show_imagery","hard","select","jargon","catalog zeno@e2fb83f 2026-09-25 (selection_hints, context_layers, parameters)"
"ch-map-105","ready","tcl-fires","Show tree cover loss due to fires on the map","10","","","","","","pick_aoi;pull_data;generate_insights;create_dashboard;add_to_dashboard;add_map_widget;search_blogs;search_insights;show_imagery","easy","select","","catalog zeno@e2fb83f 2026-09-25 (selection_hints, context_layers, parameters)"
"ch-map-106","ready","tcl-fires","Display tree cover loss from fires","10","","","","","","pick_aoi;pull_data;generate_insights;create_dashboard;add_to_dashboard;add_map_widget;search_blogs;search_insights;show_imagery","easy","select","","catalog zeno@e2fb83f 2026-09-25 (selection_hints, context_layers, parameters)"
"ch-map-107","ready","tcl-fires","Show me where fires caused tree cover loss","10","","","","","","pick_aoi;pull_data;generate_insights;create_dashboard;add_to_dashboard;add_map_widget;search_blogs;search_insights;show_imagery","easy","select","","catalog zeno@e2fb83f 2026-09-25 (selection_hints, context_layers, parameters)"
"ch-map-108","ready","tcl-fires","Put fire-related tree cover loss on the map","10","","","","","","pick_aoi;pull_data;generate_insights;create_dashboard;add_to_dashboard;add_map_widget;search_blogs;search_insights;show_imagery","easy","select","","catalog zeno@e2fb83f 2026-09-25 (selection_hints, context_layers, parameters)"
"ch-map-109","ready","tcl-fires","Map tree cover loss from fires versus other causes","10","","","","","","pick_aoi;pull_data;generate_insights;create_dashboard;add_to_dashboard;add_map_widget;search_blogs;search_insights;show_imagery","medium","select","","catalog zeno@e2fb83f 2026-09-25 (selection_hints, context_layers, parameters)"
"ch-map-110","ready","tcl-fires","Show forest loss caused by wildfires","10","","","","","","pick_aoi;pull_data;generate_insights;create_dashboard;add_to_dashboard;add_map_widget;search_blogs;search_insights;show_imagery","medium","select","","catalog zeno@e2fb83f 2026-09-25 (selection_hints, context_layers, parameters)"
"ch-map-111","ready","tcl-fires","Show where trees were lost to burning","10","","","","","","pick_aoi;pull_data;generate_insights;create_dashboard;add_to_dashboard;add_map_widget;search_blogs;search_insights;show_imagery","medium","select","","catalog zeno@e2fb83f 2026-09-25 (selection_hints, context_layers, parameters)"
"ch-map-112","ready","tcl-fires","Show fire-driven tree cover loss at 50% canopy density","10","","[{""name"":""canopy_cover"",""values"":[50]}]","","","","pick_aoi;pull_data;generate_insights;create_dashboard;add_to_dashboard;add_map_widget;search_blogs;search_insights;show_imagery","medium","select","explicit canopy (jev canopy question)","catalog zeno@e2fb83f 2026-09-25 (selection_hints, context_layers, parameters)"
"ch-map-113","ready","tcl-fires","Map annual tree loss from fires","10","","","","","","pick_aoi;pull_data;generate_insights;create_dashboard;add_to_dashboard;add_map_widget;search_blogs;search_insights;show_imagery","medium","select","","catalog zeno@e2fb83f 2026-09-25 (selection_hints, context_layers, parameters)"
"ch-map-114","ready","tcl-fires","burn scars in forests","10","","","","","","pick_aoi;pull_data;generate_insights;create_dashboard;add_to_dashboard;add_map_widget;search_blogs;search_insights;show_imagery","hard","select","remote-sensing jargon","catalog zeno@e2fb83f 2026-09-25 (selection_hints, context_layers, parameters)"
"ch-map-115","ready","tcl-fires","fire loss layer","10","","","","","","pick_aoi;pull_data;generate_insights;create_dashboard;add_to_dashboard;add_map_widget;search_blogs;search_insights;show_imagery","hard","select","short","catalog zeno@e2fb83f 2026-09-25 (selection_hints, context_layers, parameters)"
"ch-map-116","ready","tcl-fires","trees lost to fire","10","","","","","","pick_aoi;pull_data;generate_insights;create_dashboard;add_to_dashboard;add_map_widget;search_blogs;search_insights;show_imagery","hard","select","short","catalog zeno@e2fb83f 2026-09-25 (selection_hints, context_layers, parameters)"
"ch-map-117","ready","tcl-fires","wildfire tree los","10","","","","","","pick_aoi;pull_data;generate_insights;create_dashboard;add_to_dashboard;add_map_widget;search_blogs;search_insights;show_imagery","hard","select","typo","catalog zeno@e2fb83f 2026-09-25 (selection_hints, context_layers, parameters)"
"ch-map-118","ready","integrated-alerts","Show integrated alerts on the map","11","","","","","","pick_aoi;pull_data;generate_insights;create_dashboard;add_to_dashboard;add_map_widget;search_blogs;search_insights;show_imagery","easy","select","","catalog zeno@e2fb83f 2026-09-25 (selection_hints, context_layers, parameters)"
"ch-map-119","ready","integrated-alerts","Display deforestation alerts on the map","11","","","","","","pick_aoi;pull_data;generate_insights;create_dashboard;add_to_dashboard;add_map_widget;search_blogs;search_insights;show_imagery","easy","select","","catalog zeno@e2fb83f 2026-09-25 (selection_hints, context_layers, parameters)"
"ch-map-120","ready","integrated-alerts","Show me forest disturbance alerts","11","","","","","","pick_aoi;pull_data;generate_insights;create_dashboard;add_to_dashboard;add_map_widget;search_blogs;search_insights;show_imagery","easy","select","","catalog zeno@e2fb83f 2026-09-25 (selection_hints, context_layers, parameters)"
"ch-map-121","ready","integrated-alerts","Put disturbance alerts on the map","11","","","","","","pick_aoi;pull_data;generate_insights;create_dashboard;add_to_dashboard;add_map_widget;search_blogs;search_insights;show_imagery","easy","select","","catalog zeno@e2fb83f 2026-09-25 (selection_hints, context_layers, parameters)"
"ch-map-122","ready","integrated-alerts","Map near-real-time vegetation disturbance alerts","11","","","","","","pick_aoi;pull_data;generate_insights;create_dashboard;add_to_dashboard;add_map_widget;search_blogs;search_insights;show_imagery","medium","select","","catalog zeno@e2fb83f 2026-09-25 (selection_hints, context_layers, parameters)"
"ch-map-123","ready","integrated-alerts","Show high-confidence clearing alerts","11","","","","","","pick_aoi;pull_data;generate_insights;create_dashboard;add_to_dashboard;add_map_widget;search_blogs;search_insights;show_imagery","medium","select","","catalog zeno@e2fb83f 2026-09-25 (selection_hints, context_layers, parameters)"
"ch-map-124","ready","integrated-alerts","Show me the latest deforestation alerts","11","","","","","","pick_aoi;pull_data;generate_insights;create_dashboard;add_to_dashboard;add_map_widget;search_blogs;search_insights;show_imagery","medium","select","relative 'latest'; dates deliberately unscored","catalog zeno@e2fb83f 2026-09-25 (selection_hints, context_layers, parameters)"
"ch-map-125","ready","integrated-alerts","Map alerts that combine GLAD and RADD","11","","","","","","pick_aoi;pull_data;generate_insights;create_dashboard;add_to_dashboard;add_map_widget;search_blogs;search_insights;show_imagery","medium","select","","catalog zeno@e2fb83f 2026-09-25 (selection_hints, context_layers, parameters)"
"ch-map-126","ready","integrated-alerts","Show recent tree clearing alerts","11","","","","","","pick_aoi;pull_data;generate_insights;create_dashboard;add_to_dashboard;add_map_widget;search_blogs;search_insights;show_imagery","medium","select","","catalog zeno@e2fb83f 2026-09-25 (selection_hints, context_layers, parameters)"
"ch-map-127","ready","integrated-alerts","GLAD alerts","11","","","","","","pick_aoi;pull_data;generate_insights;create_dashboard;add_to_dashboard;add_map_widget;search_blogs;search_insights;show_imagery","hard","select","jargon: component system","catalog zeno@e2fb83f 2026-09-25 (selection_hints, context_layers, parameters)"
"ch-map-128","ready","integrated-alerts","RADD","11","","","","","","pick_aoi;pull_data;generate_insights;create_dashboard;add_to_dashboard;add_map_widget;search_blogs;search_insights;show_imagery","hard","select","acronym only","catalog zeno@e2fb83f 2026-09-25 (selection_hints, context_layers, parameters)"
"ch-map-129","ready","integrated-alerts","defor alerts","11","","","","","","pick_aoi;pull_data;generate_insights;create_dashboard;add_to_dashboard;add_map_widget;search_blogs;search_insights;show_imagery","hard","select","abbreviation","catalog zeno@e2fb83f 2026-09-25 (selection_hints, context_layers, parameters)"
"ch-map-130","ready","integrated-alerts","show clearing alerts asap","11","","","","","","pick_aoi;pull_data;generate_insights;create_dashboard;add_to_dashboard;add_map_widget;search_blogs;search_insights;show_imagery","hard","select","colloquial","catalog zeno@e2fb83f 2026-09-25 (selection_hints, context_layers, parameters)"
"ch-map-131","ready","multilingual","Muéstrame las alertas de deforestación en el mapa","11","","","","","","pick_aoi;pull_data;generate_insights;create_dashboard;add_to_dashboard;add_map_widget;search_blogs;search_insights;show_imagery","easy","select","lang=es","catalog zeno@e2fb83f 2026-09-25 (selection_hints, context_layers, parameters)"
"ch-map-132","ready","multilingual","Muestra la ganancia de cobertura arbórea en el mapa","5","","","","","","pick_aoi;pull_data;generate_insights;create_dashboard;add_to_dashboard;add_map_widget;search_blogs;search_insights;show_imagery","easy","select","lang=es","catalog zeno@e2fb83f 2026-09-25 (selection_hints, context_layers, parameters)"
"ch-map-133","ready","multilingual","Muéstrame en el mapa las causas de la pérdida de cobertura arbórea","8","","","","","","pick_aoi;pull_data;generate_insights;create_dashboard;add_to_dashboard;add_map_widget;search_blogs;search_insights;show_imagery","medium","select","lang=es","catalog zeno@e2fb83f 2026-09-25 (selection_hints, context_layers, parameters)"
"ch-map-134","ready","multilingual","Muestra la pérdida de bosque primario en el mapa","4","primary_forest","","","","","pick_aoi;pull_data;generate_insights;create_dashboard;add_to_dashboard;add_map_widget;search_blogs;search_insights;show_imagery","medium","select","lang=es; context layer asked explicitly","catalog zeno@e2fb83f 2026-09-25 (selection_hints, context_layers, parameters)"
"ch-map-135","ready","multilingual","pon en el mapa los arboles perdidos por incendios","10","","","","","","pick_aoi;pull_data;generate_insights;create_dashboard;add_to_dashboard;add_map_widget;search_blogs;search_insights;show_imagery","hard","select","lang=es","catalog zeno@e2fb83f 2026-09-25 (selection_hints, context_layers, parameters)"
"ch-map-136","ready","multilingual","Mostre a cobertura do solo no mapa","1","","","","","","pick_aoi;pull_data;generate_insights;create_dashboard;add_to_dashboard;add_map_widget;search_blogs;search_insights;show_imagery","easy","select","lang=pt","catalog zeno@e2fb83f 2026-09-25 (selection_hints, context_layers, parameters)"
"ch-map-137","ready","multilingual","Mostre a cobertura arbórea no mapa","7","","","","","","pick_aoi;pull_data;generate_insights;create_dashboard;add_to_dashboard;add_map_widget;search_blogs;search_insights;show_imagery","easy","select","lang=pt","catalog zeno@e2fb83f 2026-09-25 (selection_hints, context_layers, parameters)"
"ch-map-138","ready","multilingual","Mostre no mapa as terras naturais e não naturais","3","","","","","","pick_aoi;pull_data;generate_insights;create_dashboard;add_to_dashboard;add_map_widget;search_blogs;search_insights;show_imagery","medium","select","lang=pt","catalog zeno@e2fb83f 2026-09-25 (selection_hints, context_layers, parameters)"
"ch-map-139","ready","multilingual","Mostre a perda de floresta primária no mapa","4","primary_forest","","","","","pick_aoi;pull_data;generate_insights;create_dashboard;add_to_dashboard;add_map_widget;search_blogs;search_insights;show_imagery","medium","select","lang=pt; context layer asked explicitly","catalog zeno@e2fb83f 2026-09-25 (selection_hints, context_layers, parameters)"
"ch-map-140","ready","multilingual","mapa do fluxo liquido de gases de efeito estufa das florestas","6","","","","","","pick_aoi;pull_data;generate_insights;create_dashboard;add_to_dashboard;add_map_widget;search_blogs;search_insights;show_imagery","hard","select","lang=pt","catalog zeno@e2fb83f 2026-09-25 (selection_hints, context_layers, parameters)"
"ch-map-141","ready","multilingual","Affiche la perte de couvert arboré sur la carte","4","","","","","","pick_aoi;pull_data;generate_insights;create_dashboard;add_to_dashboard;add_map_widget;search_blogs;search_insights;show_imagery","easy","select","lang=fr","catalog zeno@e2fb83f 2026-09-25 (selection_hints, context_layers, parameters)"
"ch-map-142","ready","multilingual","Montre-moi l'occupation du sol sur la carte","1","","","","","","pick_aoi;pull_data;generate_insights;create_dashboard;add_to_dashboard;add_map_widget;search_blogs;search_insights;show_imagery","easy","select","lang=fr","catalog zeno@e2fb83f 2026-09-25 (selection_hints, context_layers, parameters)"
"ch-map-143","ready","multilingual","Affiche le flux net de gaz à effet de serre des forêts sur la carte","6","","","","","","pick_aoi;pull_data;generate_insights;create_dashboard;add_to_dashboard;add_map_widget;search_blogs;search_insights;show_imagery","medium","select","lang=fr","catalog zeno@e2fb83f 2026-09-25 (selection_hints, context_layers, parameters)"
"ch-map-144","ready","multilingual","Montre la densité du couvert arboré sur la carte","7","","","","","","pick_aoi;pull_data;generate_insights;create_dashboard;add_to_dashboard;add_map_widget;search_blogs;search_insights;show_imagery","medium","select","lang=fr","catalog zeno@e2fb83f 2026-09-25 (selection_hints, context_layers, parameters)"
"ch-map-145","ready","multilingual","prairies naturelles sur la carte stp","2","","","","","","pick_aoi;pull_data;generate_insights;create_dashboard;add_to_dashboard;add_map_widget;search_blogs;search_insights;show_imagery","hard","select","lang=fr","catalog zeno@e2fb83f 2026-09-25 (selection_hints, context_layers, parameters)"
"ch-map-146","ready","multilingual","Tampilkan kehilangan tutupan pohon di peta","4","","","","","","pick_aoi;pull_data;generate_insights;create_dashboard;add_to_dashboard;add_map_widget;search_blogs;search_insights;show_imagery","easy","select","lang=id","catalog zeno@e2fb83f 2026-09-25 (selection_hints, context_layers, parameters)"
"ch-map-147","ready","multilingual","Tampilkan peringatan deforestasi di peta","11","","","","","","pick_aoi;pull_data;generate_insights;create_dashboard;add_to_dashboard;add_map_widget;search_blogs;search_insights;show_imagery","easy","select","lang=id","catalog zeno@e2fb83f 2026-09-25 (selection_hints, context_layers, parameters)"
"ch-map-148","ready","multilingual","Tampilkan penyebab hilangnya tutupan pohon di peta","8","","","","","","pick_aoi;pull_data;generate_insights;create_dashboard;add_to_dashboard;add_map_widget;search_blogs;search_insights;show_imagery","medium","select","lang=id","catalog zeno@e2fb83f 2026-09-25 (selection_hints, context_layers, parameters)"
"ch-map-149","ready","multilingual","Tampilkan kehilangan tutupan pohon akibat kebakaran di peta","10","","","","","","pick_aoi;pull_data;generate_insights;create_dashboard;add_to_dashboard;add_map_widget;search_blogs;search_insights;show_imagery","medium","select","lang=id","catalog zeno@e2fb83f 2026-09-25 (selection_hints, context_layers, parameters)"
"ch-map-150","ready","multilingual","peta lahan alami vs non alami","3","","","","","","pick_aoi;pull_data;generate_insights;create_dashboard;add_to_dashboard;add_map_widget;search_blogs;search_insights;show_imagery","hard","select","lang=id","catalog zeno@e2fb83f 2026-09-25 (selection_hints, context_layers, parameters)"
"ch-map-151","ready","multilingual","Nionyeshe tahadhari za ukataji miti kwenye ramani","11","","","","","","pick_aoi;pull_data;generate_insights;create_dashboard;add_to_dashboard;add_map_widget;search_blogs;search_insights;show_imagery","easy","select","lang=sw","catalog zeno@e2fb83f 2026-09-25 (selection_hints, context_layers, parameters)"
"ch-map-152","ready","multilingual","Onyesha kifuniko cha ardhi kwenye ramani","1","","","","","","pick_aoi;pull_data;generate_insights;create_dashboard;add_to_dashboard;add_map_widget;search_blogs;search_insights;show_imagery","easy","select","lang=sw","catalog zeno@e2fb83f 2026-09-25 (selection_hints, context_layers, parameters)"
"ch-map-153","ready","multilingual","Nionyeshe nyasi asilia kwenye ramani","2","","","","","","pick_aoi;pull_data;generate_insights;create_dashboard;add_to_dashboard;add_map_widget;search_blogs;search_insights;show_imagery","medium","select","lang=sw","catalog zeno@e2fb83f 2026-09-25 (selection_hints, context_layers, parameters)"
"ch-map-154","ready","multilingual","Onyesha ongezeko la miti kwenye ramani","5","","","","","","pick_aoi;pull_data;generate_insights;create_dashboard;add_to_dashboard;add_map_widget;search_blogs;search_insights;show_imagery","medium","select","lang=sw","catalog zeno@e2fb83f 2026-09-25 (selection_hints, context_layers, parameters)"
"ch-map-155","ready","multilingual","sababu za kupotea kwa miti, ramani","8","","","","","","pick_aoi;pull_data;generate_insights;create_dashboard;add_to_dashboard;add_map_widget;search_blogs;search_insights;show_imagery","hard","select","lang=sw","catalog zeno@e2fb83f 2026-09-25 (selection_hints, context_layers, parameters)"
"ch-map-156","ready","context-layer","Show primary forest loss on the map","4","primary_forest","","","","","pick_aoi;pull_data;generate_insights;create_dashboard;add_to_dashboard;add_map_widget;search_blogs;search_insights;show_imagery","easy","select","explicit primary forest","catalog zeno@e2fb83f 2026-09-25 (selection_hints, context_layers, parameters)"
"ch-map-157","ready","context-layer","Map tree cover loss inside primary forests","4","primary_forest","","","","","pick_aoi;pull_data;generate_insights;create_dashboard;add_to_dashboard;add_map_widget;search_blogs;search_insights;show_imagery","medium","select","explicit primary forest","catalog zeno@e2fb83f 2026-09-25 (selection_hints, context_layers, parameters)"
"ch-map-158","ready","context-layer","old-growth rainforest loss on the map","4","primary_forest","","","","","pick_aoi;pull_data;generate_insights;create_dashboard;add_to_dashboard;add_map_widget;search_blogs;search_insights;show_imagery","hard","select","old-growth as a synonym for primary","catalog zeno@e2fb83f 2026-09-25 (selection_hints, context_layers, parameters)"
"ch-map-159","ready","context-layer","Show tree cover loss in intact forest landscapes on the map","4","intact_forest","","","","","pick_aoi;pull_data;generate_insights;create_dashboard;add_to_dashboard;add_map_widget;search_blogs;search_insights;show_imagery","easy","select","explicit IFL","catalog zeno@e2fb83f 2026-09-25 (selection_hints, context_layers, parameters)"
"ch-map-160","ready","context-layer","Map where intact forests are being lost","4","intact_forest","","","","","pick_aoi;pull_data;generate_insights;create_dashboard;add_to_dashboard;add_map_widget;search_blogs;search_insights;show_imagery","medium","select","explicit IFL, loose","catalog zeno@e2fb83f 2026-09-25 (selection_hints, context_layers, parameters)"
"ch-map-161","ready","context-layer","IFL loss layer pls","4","intact_forest","","","","","pick_aoi;pull_data;generate_insights;create_dashboard;add_to_dashboard;add_map_widget;search_blogs;search_insights;show_imagery","hard","select","acronym","catalog zeno@e2fb83f 2026-09-25 (selection_hints, context_layers, parameters)"
"ch-map-162","ready","context-layer","Show fire-driven tree cover loss in primary forests on the map","10","primary_forest","","","","","pick_aoi;pull_data;generate_insights;create_dashboard;add_to_dashboard;add_map_widget;search_blogs;search_insights;show_imagery","medium","select","fires x primary","catalog zeno@e2fb83f 2026-09-25 (selection_hints, context_layers, parameters)"
"ch-map-163","ready","context-layer","burnt primary forest map","10","primary_forest","","","","","pick_aoi;pull_data;generate_insights;create_dashboard;add_to_dashboard;add_map_widget;search_blogs;search_insights;show_imagery","hard","select","fires x primary, short","catalog zeno@e2fb83f 2026-09-25 (selection_hints, context_layers, parameters)"
"ch-map-164","ready","context-layer","Show tree cover loss from fires within intact forest landscapes","10","intact_forest","","","","","pick_aoi;pull_data;generate_insights;create_dashboard;add_to_dashboard;add_map_widget;search_blogs;search_insights;show_imagery","medium","select","fires x IFL","catalog zeno@e2fb83f 2026-09-25 (selection_hints, context_layers, parameters)"
"ch-map-165","ready","context-layer","map fire loss in IFLs","10","intact_forest","","","","","pick_aoi;pull_data;generate_insights;create_dashboard;add_to_dashboard;add_map_widget;search_blogs;search_insights;show_imagery","hard","select","fires x IFL, acronym","catalog zeno@e2fb83f 2026-09-25 (selection_hints, context_layers, parameters)"
"ch-map-166","ready","context-layer","Show tree cover within primary forests on the map","7","primary_forest","","","","","pick_aoi;pull_data;generate_insights;create_dashboard;add_to_dashboard;add_map_widget;search_blogs;search_insights;show_imagery","medium","select","extent x primary; note tree_cover.yml primary_forest description says 'Shows loss within' (catalog defect)","catalog zeno@e2fb83f 2026-09-25 (selection_hints, context_layers, parameters)"
"ch-map-167","ready","context-layer","Where is the primary forest? Put it on the map","7;4","primary_forest","","","","","pick_aoi;pull_data;generate_insights;create_dashboard;add_to_dashboard;add_map_widget;search_blogs;search_insights;show_imagery","hard","select","extent ask; TCL with the primary layer also draws primary forest; catalog defect as above","catalog zeno@e2fb83f 2026-09-25 (selection_hints, context_layers, parameters)"
"ch-map-168","ready","context-layer","Show all tree cover loss on the map, including plantations and secondary forest","4","no_selection","","","","","pick_aoi;pull_data;generate_insights;create_dashboard;add_to_dashboard;add_map_widget;search_blogs;search_insights;show_imagery","medium","select","explicit opt-out of the primary default","catalog zeno@e2fb83f 2026-09-25 (selection_hints, context_layers, parameters)"
"ch-map-169","ready","context-layer","Map tree cover loss from fires across all tree cover, not just primary forest","10","no_selection","","","","","pick_aoi;pull_data;generate_insights;create_dashboard;add_to_dashboard;add_map_widget;search_blogs;search_insights;show_imagery","medium","select","explicit opt-out","catalog zeno@e2fb83f 2026-09-25 (selection_hints, context_layers, parameters)"
"ch-map-170","ready","context-layer","Show tree cover density for all trees, plantations included","7","no_selection","","","","","pick_aoi;pull_data;generate_insights;create_dashboard;add_to_dashboard;add_map_widget;search_blogs;search_insights;show_imagery","medium","select","explicit opt-out","catalog zeno@e2fb83f 2026-09-25 (selection_hints, context_layers, parameters)"
"ch-map-171","ready","ambiguous","Show me deforestation","4;11","","","","","","pick_aoi;pull_data;generate_insights;create_dashboard;add_to_dashboard;add_map_widget;search_blogs;search_insights;show_imagery","hard","select","loss (TCL) or alerts; both defensible","catalog zeno@e2fb83f 2026-09-25 (selection_hints, context_layers, parameters)"
"ch-map-172","ready","ambiguous","Show me forests on the map","7;3;1","","","","","","pick_aoi;pull_data;generate_insights;create_dashboard;add_to_dashboard;add_map_widget;search_blogs;search_insights;show_imagery","medium","select","tree cover, SBTN natural forest or land cover tree class","catalog zeno@e2fb83f 2026-09-25 (selection_hints, context_layers, parameters)"
"ch-map-173","ready","ambiguous","Show carbon on the map","6;4","","","","","","pick_aoi;pull_data;generate_insights;create_dashboard;add_to_dashboard;add_map_widget;search_blogs;search_insights;show_imagery","hard","select","flux or TCL emissions","catalog zeno@e2fb83f 2026-09-25 (selection_hints, context_layers, parameters)"
"ch-map-174","ready","ambiguous","Show fires on the map","10;no_selection","","","","","","pick_aoi;pull_data;generate_insights;create_dashboard;add_to_dashboard;add_map_widget;search_blogs;search_insights;show_imagery","medium","select","fire-driven TCL, or decline: no active-fire dataset","catalog zeno@e2fb83f 2026-09-25 (selection_hints, context_layers, parameters)"
"ch-map-175","ready","ambiguous","Show urban areas on the map","","","","dataset_choice","Global land cover;SBTN","","pick_aoi;pull_data;generate_insights;create_dashboard;add_to_dashboard;add_map_widget;search_blogs;search_insights;show_imagery","medium","nudge","GOLD nudge precedent (urban land cover: land cover vs SBTN)","catalog zeno@e2fb83f 2026-09-25 (selection_hints, context_layers, parameters)"
"ch-map-176","ready","ambiguous","Show wetlands on the map","1;3","","","","","","pick_aoi;pull_data;generate_insights;create_dashboard;add_to_dashboard;add_map_widget;search_blogs;search_insights;show_imagery","medium","select","land cover wetland class or SBTN wetland natural forest","catalog zeno@e2fb83f 2026-09-25 (selection_hints, context_layers, parameters)"
"ch-map-177","ready","ambiguous","Show land use on the map","1;3","","","","","","pick_aoi;pull_data;generate_insights;create_dashboard;add_to_dashboard;add_map_widget;search_blogs;search_insights;show_imagery","medium","select","land cover or natural/non-natural","catalog zeno@e2fb83f 2026-09-25 (selection_hints, context_layers, parameters)"
"ch-map-178","ready","ambiguous","Show plantations on the map","3","","","","","","pick_aoi;pull_data;generate_insights;create_dashboard;add_to_dashboard;add_map_widget;search_blogs;search_insights;show_imagery","medium","select","only SBTN separates non-natural tree cover; tree cover includes plantations undistinguished","catalog zeno@e2fb83f 2026-09-25 (selection_hints, context_layers, parameters)"
"ch-map-179","ready","ambiguous","Show savannas on the map","2;1","","","","","","pick_aoi;pull_data;generate_insights;create_dashboard;add_to_dashboard;add_map_widget;search_blogs;search_insights;show_imagery","medium","select","grasslands covers savannas; land cover short vegetation","catalog zeno@e2fb83f 2026-09-25 (selection_hints, context_layers, parameters)"
"ch-map-180","ready","ambiguous","Show clearing on the map","11;4","","","","","","pick_aoi;pull_data;generate_insights;create_dashboard;add_to_dashboard;add_map_widget;search_blogs;search_insights;show_imagery","hard","select","alerts or loss","catalog zeno@e2fb83f 2026-09-25 (selection_hints, context_layers, parameters)"
"ch-map-181","ready","ambiguous","Show forest change on the map","","","","dataset_choice","Tree cover loss;Tree cover gain;Global land cover","","pick_aoi;pull_data;generate_insights;create_dashboard;add_to_dashboard;add_map_widget;search_blogs;search_insights;show_imagery","medium","nudge","loss, gain or land cover change; genuinely open","catalog zeno@e2fb83f 2026-09-25 (selection_hints, context_layers, parameters)"
"ch-map-182","ready","ambiguous","Show mangroves on the map","3","","","","","","pick_aoi;pull_data;generate_insights;create_dashboard;add_to_dashboard;add_map_widget;search_blogs;search_insights;show_imagery","medium","select","SBTN Mangrove class; no other dataset has it","catalog zeno@e2fb83f 2026-09-25 (selection_hints, context_layers, parameters)"
"ch-map-183","ready","ambiguous","Show cropland on the map","1;3","","","","","","pick_aoi;pull_data;generate_insights;create_dashboard;add_to_dashboard;add_map_widget;search_blogs;search_insights;show_imagery","medium","select","both carry a crop class","catalog zeno@e2fb83f 2026-09-25 (selection_hints, context_layers, parameters)"
"ch-map-184","ready","ambiguous","Show emissions on the map","","","","dataset_choice","Forest greenhouse gas net flux;Tree cover loss","","pick_aoi;pull_data;generate_insights;create_dashboard;add_to_dashboard;add_map_widget;search_blogs;search_insights;show_imagery","hard","nudge","flux or TCL emissions; sLUC is not mappable so not an acceptable option","catalog zeno@e2fb83f 2026-09-25 (selection_hints, context_layers, parameters)"
"ch-map-185","ready","ambiguous","Show grass on the map","","","","dataset_choice","Global natural/semi-natural grassland extent;Global land cover","","pick_aoi;pull_data;generate_insights;create_dashboard;add_to_dashboard;add_map_widget;search_blogs;search_insights;show_imagery","hard","nudge","natural grassland vs cultivated grassland class (GOLD loose-grassland rule)","catalog zeno@e2fb83f 2026-09-25 (selection_hints, context_layers, parameters)"
"ch-map-186","ready","unmappable","Show crop deforestation emission factors on the map","9;no_selection","","","","","Explains that the crop deforestation emission factors are tabular data that cannot be displayed as a map layer. Offering a chart or table of the same data is fine; presenting a different dataset as if it showed these emission factors is not","pick_aoi;pull_data;generate_insights;create_dashboard;add_to_dashboard;add_map_widget;search_blogs;search_insights;show_imagery","easy","decline","sLUC: tabular only","catalog zeno@e2fb83f 2026-09-25 (selection_hints, context_layers, parameters)"
"ch-map-187","ready","unmappable","Map the sLUC emission factors for soy","9;no_selection","","","","","Explains that the crop deforestation emission factors are tabular data that cannot be displayed as a map layer. Offering a chart or table of the same data is fine; presenting a different dataset as if it showed these emission factors is not","pick_aoi;pull_data;generate_insights;create_dashboard;add_to_dashboard;add_map_widget;search_blogs;search_insights;show_imagery","medium","decline","sLUC: tabular only; crop, no place","catalog zeno@e2fb83f 2026-09-25 (selection_hints, context_layers, parameters)"
"ch-map-188","ready","unmappable","Put the deforestation emissions per tonne of beef on the map","9;no_selection","","","","","Explains that the crop deforestation emission factors are tabular data that cannot be displayed as a map layer. Offering a chart or table of the same data is fine; presenting a different dataset as if it showed these emission factors is not","pick_aoi;pull_data;generate_insights;create_dashboard;add_to_dashboard;add_map_widget;search_blogs;search_insights;show_imagery","medium","decline","sLUC: indirect","catalog zeno@e2fb83f 2026-09-25 (selection_hints, context_layers, parameters)"
"ch-map-189","ready","unmappable","sLUC EFs map","9;no_selection","","","","","Explains that the crop deforestation emission factors are tabular data that cannot be displayed as a map layer. Offering a chart or table of the same data is fine; presenting a different dataset as if it showed these emission factors is not","pick_aoi;pull_data;generate_insights;create_dashboard;add_to_dashboard;add_map_widget;search_blogs;search_insights;show_imagery","hard","decline","sLUC: jargon","catalog zeno@e2fb83f 2026-09-25 (selection_hints, context_layers, parameters)"
"ch-map-190","ready","unmappable","Show rainfall on the map","no_selection","","","","","Explains that no rainfall data is available to show on the map. Mentioning related datasets is fine; presenting a land or forest dataset as if it showed rainfall is not","pick_aoi;pull_data;generate_insights;create_dashboard;add_to_dashboard;add_map_widget;search_blogs;search_insights;show_imagery","easy","decline","climate gap (#1 unmet topic)","catalog zeno@e2fb83f 2026-09-25 (selection_hints, context_layers, parameters)"
"ch-map-191","ready","unmappable","Show me a temperature map","no_selection","","","","","Explains that no temperature data is available to show on the map. Mentioning related datasets is fine; presenting a land or forest dataset as if it showed temperature is not","pick_aoi;pull_data;generate_insights;create_dashboard;add_to_dashboard;add_map_widget;search_blogs;search_insights;show_imagery","easy","decline","climate gap","catalog zeno@e2fb83f 2026-09-25 (selection_hints, context_layers, parameters)"
"ch-map-192","ready","unmappable","Map drought conditions","no_selection","","","","","Explains that no drought data is available to show on the map. Mentioning related datasets is fine; presenting a land or forest dataset as if it showed drought is not","pick_aoi;pull_data;generate_insights;create_dashboard;add_to_dashboard;add_map_widget;search_blogs;search_insights;show_imagery","medium","decline","climate gap","catalog zeno@e2fb83f 2026-09-25 (selection_hints, context_layers, parameters)"
"ch-map-193","ready","unmappable","Show flood risk on the map","no_selection","","","","","Explains that no flood risk data is available to show on the map. Mentioning related datasets is fine; presenting a land or forest dataset as if it showed flood risk is not","pick_aoi;pull_data;generate_insights;create_dashboard;add_to_dashboard;add_map_widget;search_blogs;search_insights;show_imagery","medium","decline","hazard gap","catalog zeno@e2fb83f 2026-09-25 (selection_hints, context_layers, parameters)"
"ch-map-194","ready","unmappable","Show sea level rise on the map","no_selection","","","","","Explains that no sea level rise data is available to show on the map. Mentioning related datasets is fine; presenting a land or forest dataset as if it showed sea level rise is not","pick_aoi;pull_data;generate_insights;create_dashboard;add_to_dashboard;add_map_widget;search_blogs;search_insights;show_imagery","medium","decline","climate gap","catalog zeno@e2fb83f 2026-09-25 (selection_hints, context_layers, parameters)"
"ch-map-195","ready","unmappable","Show air pollution on the map","no_selection","","","","","Explains that no air pollution data is available to show on the map. Mentioning related datasets is fine; presenting a land or forest dataset as if it showed air pollution is not","pick_aoi;pull_data;generate_insights;create_dashboard;add_to_dashboard;add_map_widget;search_blogs;search_insights;show_imagery","medium","decline","out of domain","catalog zeno@e2fb83f 2026-09-25 (selection_hints, context_layers, parameters)"
"ch-map-196","ready","unmappable","Show wind speeds on the map","no_selection","","","","","Explains that no wind speed data is available to show on the map. Mentioning related datasets is fine; presenting a land or forest dataset as if it showed wind speed is not","pick_aoi;pull_data;generate_insights;create_dashboard;add_to_dashboard;add_map_widget;search_blogs;search_insights;show_imagery","medium","decline","climate gap","catalog zeno@e2fb83f 2026-09-25 (selection_hints, context_layers, parameters)"
"ch-map-197","ready","unmappable","Put precipitation anomalies on the map","no_selection","","","","","Explains that no precipitation data is available to show on the map. Mentioning related datasets is fine; presenting a land or forest dataset as if it showed precipitation is not","pick_aoi;pull_data;generate_insights;create_dashboard;add_to_dashboard;add_map_widget;search_blogs;search_insights;show_imagery","hard","decline","climate jargon","catalog zeno@e2fb83f 2026-09-25 (selection_hints, context_layers, parameters)"
"ch-map-198","ready","unmappable","Show jaguar range on the map","no_selection","","","","","Explains that no species range data is available to show on the map. Mentioning related datasets is fine; presenting a land or forest dataset as if it showed species range is not","pick_aoi;pull_data;generate_insights;create_dashboard;add_to_dashboard;add_map_widget;search_blogs;search_insights;show_imagery","medium","decline","biodiversity gap","catalog zeno@e2fb83f 2026-09-25 (selection_hints, context_layers, parameters)"
"ch-map-199","ready","unmappable","Show population density on the map","no_selection","","","","","Explains that no population density data is available to show on the map. Mentioning related datasets is fine; presenting a land or forest dataset as if it showed population density is not","pick_aoi;pull_data;generate_insights;create_dashboard;add_to_dashboard;add_map_widget;search_blogs;search_insights;show_imagery","medium","decline","out of domain","catalog zeno@e2fb83f 2026-09-25 (selection_hints, context_layers, parameters)"
"ch-map-200","ready","unmappable","soil moisture map","no_selection","","","","","Explains that no soil moisture data is available to show on the map. Mentioning related datasets is fine; presenting a land or forest dataset as if it showed soil moisture is not","pick_aoi;pull_data;generate_insights;create_dashboard;add_to_dashboard;add_map_widget;search_blogs;search_insights;show_imagery","hard","decline","out of domain, short","catalog zeno@e2fb83f 2026-09-25 (selection_hints, context_layers, parameters)"
